Text;Size;Color;Angle;Font;Repeat;URL
中国;84;Random;Random;Random;Yes;ns
科幻;68;Random;Random;Random;Yes;n
电影;65;Random;Random;Random;Yes;n
科幻电影;29;Random;Random;Random;Yes;n
流浪地球;26;Random;Random;Random;Yes;n
没有;24;Random;Random;Random;Yes;v
希望;23;Random;Random;Random;Yes;v
特效;19;Random;Random;Random;Yes;a
原著;19;Random;Random;Random;Yes;n
国产;18;Random;Random;Random;Yes;n
刘慈欣;18;Random;Random;Random;Yes;nr
看到;18;Random;Random;Random;Yes;v
地球;17;Random;Random;Random;Yes;n
觉得;16;Random;Random;Random;Yes;v
意义;16;Random;Random;Random;Yes;n
大片;16;Random;Random;Random;Yes;n
好莱坞;16;Random;Random;Random;Yes;ns
人类;16;Random;Random;Random;Yes;n
科幻片;15;Random;Random;Random;Yes;n
五星;14;Random;Random;Random;Yes;nz
煽情;14;Random;Random;Random;Yes;v
片子;14;Random;Random;Random;Yes;n
问题;13;Random;Random;Random;Yes;n
设定;12;Random;Random;Random;Yes;v
不能;12;Random;Random;Random;Yes;v
鼓励;11;Random;Random;Random;Yes;v
太空;11;Random;Random;Random;Yes;n
时候;11;Random;Random;Random;Yes;n
水准;10;Random;Random;Random;Yes;n
好看;10;Random;Random;Random;Yes;v
剧情;10;Random;Random;Random;Yes;n
完全;10;Random;Random;Random;Yes;ad
作为;9;Random;Random;Random;Yes;v
国内;9;Random;Random;Random;Yes;s
元年;9;Random;Random;Random;Yes;t
宇宙;8;Random;Random;Random;Yes;n
类型;8;Random;Random;Random;Yes;n
华语;8;Random;Random;Random;Yes;nz
应该;8;Random;Random;Random;Yes;v
可能;8;Random;Random;Random;Yes;v
还有;8;Random;Random;Random;Yes;v
人物;8;Random;Random;Random;Yes;n
制作;8;Random;Random;Random;Yes;vn
有点;8;Random;Random;Random;Yes;n
知道;8;Random;Random;Random;Yes;v
个人;8;Random;Random;Random;Yes;n
值得;7;Random;Random;Random;Yes;v
剧本;7;Random;Random;Random;Yes;n
感动;7;Random;Random;Random;Yes;v
故事;7;Random;Random;Random;Yes;n
宏大;7;Random;Random;Random;Yes;a
部分;7;Random;Random;Random;Yes;n
喜欢;7;Random;Random;Random;Yes;v
未来;7;Random;Random;Random;Yes;t
牺牲;7;Random;Random;Random;Yes;v
世界;7;Random;Random;Random;Yes;n
救援;7;Random;Random;Random;Yes;vn
台词;7;Random;Random;Random;Yes;n
导演;7;Random;Random;Random;Yes;v
评价;6;Random;Random;Random;Yes;n
历史;6;Random;Random;Random;Yes;n
国产电影;6;Random;Random;Random;Yes;n
星际穿越;6;Random;Random;Random;Yes;n
场面;6;Random;Random;Random;Yes;n
完美;6;Random;Random;Random;Yes;a
团队;6;Random;Random;Random;Yes;n
节奏;6;Random;Random;Random;Yes;n
处理;6;Random;Random;Random;Yes;v
相比;6;Random;Random;Random;Yes;v
标准;6;Random;Random;Random;Yes;n
观众;6;Random;Random;Random;Yes;n
细节;6;Random;Random;Random;Yes;n
豆瓣;6;Random;Random;Random;Yes;n
开始;6;Random;Random;Random;Yes;v
灾难片;6;Random;Random;Random;Yes;n
小说;6;Random;Random;Random;Yes;n
确实;6;Random;Random;Random;Yes;ad
套路;6;Random;Random;Random;Yes;n
漫游;5;Random;Random;Random;Yes;vn
东西;5;Random;Random;Random;Yes;ns
发展;5;Random;Random;Random;Yes;vn
电影工业;5;Random;Random;Random;Yes;n
精神;5;Random;Random;Random;Yes;n
内核;5;Random;Random;Random;Yes;n
出来;5;Random;Random;Random;Yes;v
文化;5;Random;Random;Random;Yes;n
镜头;5;Random;Random;Random;Yes;n
整体;5;Random;Random;Random;Yes;n
想象;5;Random;Random;Random;Yes;n
情怀;5;Random;Random;Random;Yes;n
电影院;5;Random;Random;Random;Yes;n
工业;5;Random;Random;Random;Yes;n
选择;5;Random;Random;Random;Yes;v
概念;5;Random;Random;Random;Yes;n
演员;5;Random;Random;Random;Yes;n
拯救;5;Random;Random;Random;Yes;v
作品;5;Random;Random;Random;Yes;n
改编;5;Random;Random;Random;Yes;v
成功;5;Random;Random;Random;Yes;a
集体主义;5;Random;Random;Random;Yes;n
预期;5;Random;Random;Random;Yes;vn
演技;5;Random;Random;Random;Yes;n
看过;5;Random;Random;Random;Yes;v
激动;5;Random;Random;Random;Yes;a
过程;5;Random;Random;Random;Yes;n
所有人;5;Random;Random;Random;Yes;n
毛病;5;Random;Random;Random;Yes;n
认真;5;Random;Random;Random;Yes;ad
尴尬;5;Random;Random;Random;Yes;a
春节;4;Random;Random;Random;Yes;t
国际;4;Random;Random;Random;Yes;n
2001;4;Random;Random;Random;Yes;eng
需要;4;Random;Random;Random;Yes;v
大家;4;Random;Random;Random;Yes;n
技术;4;Random;Random;Random;Yes;n
燃烧;4;Random;Random;Random;Yes;v
价值观;4;Random;Random;Random;Yes;n
情节;4;Random;Random;Random;Yes;n
瑕疵;4;Random;Random;Random;Yes;n
地下城;4;Random;Random;Random;Yes;n
太阳;4;Random;Random;Random;Yes;ns
史诗;4;Random;Random;Random;Yes;nr
英雄;4;Random;Random;Random;Yes;ns
期待;4;Random;Random;Random;Yes;v
机会;4;Random;Random;Random;Yes;n
最好;4;Random;Random;Random;Yes;a
美术;4;Random;Random;Random;Yes;n
影视;4;Random;Random;Random;Yes;n
想象力;4;Random;Random;Random;Yes;n
观影;4;Random;Random;Random;Yes;n
情感;4;Random;Random;Random;Yes;n
商业;4;Random;Random;Random;Yes;n
浪漫;4;Random;Random;Random;Yes;a
结果;4;Random;Random;Random;Yes;n
今天;4;Random;Random;Random;Yes;t
展现;4;Random;Random;Random;Yes;v
致敬;4;Random;Random;Random;Yes;v
儿子;4;Random;Random;Random;Yes;n
心情;4;Random;Random;Random;Yes;n
特色;4;Random;Random;Random;Yes;n
优点;4;Random;Random;Random;Yes;n
无法;4;Random;Random;Random;Yes;n
空间站;4;Random;Random;Random;Yes;n
格局;4;Random;Random;Random;Yes;n
现在;4;Random;Random;Random;Yes;t
英雄主义;4;Random;Random;Random;Yes;nz
影片;4;Random;Random;Random;Yes;n
叙事;4;Random;Random;Random;Yes;v
重要;4;Random;Random;Random;Yes;a
下来;4;Random;Random;Random;Yes;t
朵朵;4;Random;Random;Random;Yes;q
3D;4;Random;Random;Random;Yes;eng
2019;4;Random;Random;Random;Yes;eng
流浪;4;Random;Random;Random;Yes;n
打分;4;Random;Random;Random;Yes;v
角色;4;Random;Random;Random;Yes;n
表演;4;Random;Random;Random;Yes;v
过度;4;Random;Random;Random;Yes;n
地方;4;Random;Random;Random;Yes;n
有没有;4;Random;Random;Random;Yes;v
感情;4;Random;Random;Random;Yes;n
没想到;4;Random;Random;Random;Yes;l
最大;3;Random;Random;Random;Yes;a
点燃;3;Random;Random;Random;Yes;v
朋克;3;Random;Random;Random;Yes;n
客观;3;Random;Random;Random;Yes;n
才能;3;Random;Random;Random;Yes;v
题材;3;Random;Random;Random;Yes;n
评论;3;Random;Random;Random;Yes;n
尺度;3;Random;Random;Random;Yes;n
顶级;3;Random;Random;Random;Yes;n
令人;3;Random;Random;Random;Yes;nrt
渲染;3;Random;Random;Random;Yes;v
30;3;Random;Random;Random;Yes;eng
分钟;3;Random;Random;Random;Yes;q
活着;3;Random;Random;Random;Yes;v
创作;3;Random;Random;Random;Yes;vn
等到;3;Random;Random;Random;Yes;v
出现;3;Random;Random;Random;Yes;v
美学;3;Random;Random;Random;Yes;n
本土;3;Random;Random;Random;Yes;n
相信;3;Random;Random;Random;Yes;v
成为;3;Random;Random;Random;Yes;v
勇气;3;Random;Random;Random;Yes;n
拍摄;3;Random;Random;Random;Yes;v
IMAX;3;Random;Random;Random;Yes;eng
里程碑;3;Random;Random;Random;Yes;n
PS;3;Random;Random;Random;Yes;eng
要求;3;Random;Random;Random;Yes;v
自我牺牲;3;Random;Random;Random;Yes;l
计划;3;Random;Random;Random;Yes;n
用心;3;Random;Random;Random;Yes;n
环境;3;Random;Random;Random;Yes;n
个体;3;Random;Random;Random;Yes;n
保住;3;Random;Random;Random;Yes;v
made;3;Random;Random;Random;Yes;eng
不够;3;Random;Random;Random;Yes;v
震撼;3;Random;Random;Random;Yes;v
背景;3;Random;Random;Random;Yes;n
风格;3;Random;Random;Random;Yes;n
大气;3;Random;Random;Random;Yes;n
恢弘;3;Random;Random;Random;Yes;a
不错;3;Random;Random;Random;Yes;a
绝望;3;Random;Random;Random;Yes;v
明显;3;Random;Random;Random;Yes;a
广播;3;Random;Random;Random;Yes;vn
小演员;3;Random;Random;Random;Yes;n
重新;3;Random;Random;Random;Yes;a
不同;3;Random;Random;Random;Yes;a
水平;3;Random;Random;Random;Yes;n
本来;3;Random;Random;Random;Yes;t
灾难;3;Random;Random;Random;Yes;n
忍不住;3;Random;Random;Random;Yes;v
饱和;3;Random;Random;Random;Yes;a
方式;3;Random;Random;Random;Yes;n
能够;3;Random;Random;Random;Yes;v
回家;3;Random;Random;Random;Yes;n
剪辑;3;Random;Random;Random;Yes;n
力量;3;Random;Random;Random;Yes;n
完整;3;Random;Random;Random;Yes;a
本片;3;Random;Random;Random;Yes;n
人性;3;Random;Random;Random;Yes;n
想起;3;Random;Random;Random;Yes;v
bug;3;Random;Random;Random;Yes;eng
文明;3;Random;Random;Random;Yes;nr
四星;3;Random;Random;Random;Yes;nz
努力;3;Random;Random;Random;Yes;ad
木星;3;Random;Random;Random;Yes;n
评分;3;Random;Random;Random;Yes;n
难以置信;3;Random;Random;Random;Yes;i
火星;3;Random;Random;Random;Yes;n
推荐;3;Random;Random;Random;Yes;v
科学;3;Random;Random;Random;Yes;n
配音;3;Random;Random;Random;Yes;n
理性;3;Random;Random;Random;Yes;n
命运;3;Random;Random;Random;Yes;n
爆炸;2;Random;Random;Random;Yes;v
高分;2;Random;Random;Random;Yes;n
放在;2;Random;Random;Random;Yes;v
我会;2;Random;Random;Random;Yes;n
影响;2;Random;Random;Random;Yes;vn
方面;2;Random;Random;Random;Yes;n
同行;2;Random;Random;Random;Yes;j
勇敢;2;Random;Random;Random;Yes;a
高贵;2;Random;Random;Random;Yes;a
出发;2;Random;Random;Random;Yes;v
东方式;2;Random;Random;Random;Yes;n
家庭;2;Random;Random;Random;Yes;n
核心;2;Random;Random;Random;Yes;n
地心引力;2;Random;Random;Random;Yes;n
融合;2;Random;Random;Random;Yes;vn
情绪;2;Random;Random;Random;Yes;n
认为;2;Random;Random;Random;Yes;v
不算;2;Random;Random;Random;Yes;v
完成度;2;Random;Random;Random;Yes;l
起点;2;Random;Random;Random;Yes;n
骄傲;2;Random;Random;Random;Yes;a
太阳系;2;Random;Random;Random;Yes;n
仅仅只是;2;Random;Random;Random;Yes;i
尝试;2;Random;Random;Random;Yes;vn
具备;2;Random;Random;Random;Yes;v
温情;2;Random;Random;Random;Yes;n
工整;2;Random;Random;Random;Yes;vn
时刻;2;Random;Random;Random;Yes;n
元素;2;Random;Random;Random;Yes;n
起来;2;Random;Random;Random;Yes;v
满足;2;Random;Random;Random;Yes;v
差距;2;Random;Random;Random;Yes;n
留给;2;Random;Random;Random;Yes;v
思想;2;Random;Random;Random;Yes;n
当下;2;Random;Random;Random;Yes;t
夸父追日;2;Random;Random;Random;Yes;i
愚公移山;2;Random;Random;Random;Yes;i
明天;2;Random;Random;Random;Yes;t
昨天;2;Random;Random;Random;Yes;t
价值;2;Random;Random;Random;Yes;n
基础;2;Random;Random;Random;Yes;n
社会;2;Random;Random;Random;Yes;n
改成;2;Random;Random;Random;Yes;v
视角;2;Random;Random;Random;Yes;n
旋律;2;Random;Random;Random;Yes;n
跟着;2;Random;Random;Random;Yes;v
给予;2;Random;Random;Random;Yes;v
赋予;2;Random;Random;Random;Yes;v
缺少;2;Random;Random;Random;Yes;v
年轻;2;Random;Random;Random;Yes;a
不行;2;Random;Random;Random;Yes;v
素质;2;Random;Random;Random;Yes;n
哥们;2;Random;Random;Random;Yes;n
认识;2;Random;Random;Random;Yes;v
名字;2;Random;Random;Random;Yes;n
星战;2;Random;Random;Random;Yes;nz
星系;2;Random;Random;Random;Yes;n
流泪;2;Random;Random;Random;Yes;n
美国;2;Random;Random;Random;Yes;ns
200;2;Random;Random;Random;Yes;eng
集体;2;Random;Random;Random;Yes;n
画面;2;Random;Random;Random;Yes;n
瑕不掩瑜;2;Random;Random;Random;Yes;i
一流;2;Random;Random;Random;Yes;n
世纪;2;Random;Random;Random;Yes;n
混乱;2;Random;Random;Random;Yes;a
全人类;2;Random;Random;Random;Yes;n
后来;2;Random;Random;Random;Yes;t
极大;2;Random;Random;Random;Yes;a
办法;2;Random;Random;Random;Yes;n
行星;2;Random;Random;Random;Yes;n
发动机;2;Random;Random;Random;Yes;n
编剧;2;Random;Random;Random;Yes;n
顺应;2;Random;Random;Random;Yes;v
再见;2;Random;Random;Random;Yes;v
美式;2;Random;Random;Random;Yes;n
传递;2;Random;Random;Random;Yes;v
小孩;2;Random;Random;Random;Yes;n
情况;2;Random;Random;Random;Yes;n
没什么;2;Random;Random;Random;Yes;l
in;2;Random;Random;Random;Yes;eng
china;2;Random;Random;Random;Yes;eng
烂片;2;Random;Random;Random;Yes;n
洗脑;2;Random;Random;Random;Yes;n
大国;2;Random;Random;Random;Yes;ns
建立;2;Random;Random;Random;Yes;v
远高于;2;Random;Random;Random;Yes;nr
比如;2;Random;Random;Random;Yes;v
通病;2;Random;Random;Random;Yes;n
他妈的;2;Random;Random;Random;Yes;l
救赎;2;Random;Random;Random;Yes;i
恢宏;2;Random;Random;Random;Yes;a
气势;2;Random;Random;Random;Yes;n
保留;2;Random;Random;Random;Yes;v
后半段;2;Random;Random;Random;Yes;t
人人;2;Random;Random;Random;Yes;n
疯狂;2;Random;Random;Random;Yes;a
实在;2;Random;Random;Random;Yes;v
事业;2;Random;Random;Random;Yes;n
友邻;2;Random;Random;Random;Yes;n
政治;2;Random;Random;Random;Yes;n
正确;2;Random;Random;Random;Yes;ad
跟风;2;Random;Random;Random;Yes;v
超过;2;Random;Random;Random;Yes;v
大学;2;Random;Random;Random;Yes;n
山东;2;Random;Random;Random;Yes;ns
济宁;2;Random;Random;Random;Yes;ns
朋友;2;Random;Random;Random;Yes;n
Tim;2;Random;Random;Random;Yes;eng
永恒;2;Random;Random;Random;Yes;z
一般;2;Random;Random;Random;Yes;a
亲友;2;Random;Random;Random;Yes;n
平复;2;Random;Random;Random;Yes;v
卧槽;2;Random;Random;Random;Yes;n
定义;2;Random;Random;Random;Yes;n
参与;2;Random;Random;Random;Yes;v
不会;2;Random;Random;Random;Yes;v
外国人;2;Random;Random;Random;Yes;n
资金;2;Random;Random;Random;Yes;n
成熟;2;Random;Random;Random;Yes;a
市场;2;Random;Random;Random;Yes;n
告诉;2;Random;Random;Random;Yes;v
理智;2;Random;Random;Random;Yes;n
世界观;2;Random;Random;Random;Yes;nz
足以;2;Random;Random;Random;Yes;v
怀念;2;Random;Random;Random;Yes;v
泪水;2;Random;Random;Random;Yes;n
苏联;2;Random;Random;Random;Yes;ns
当代;2;Random;Random;Random;Yes;t
不止;2;Random;Random;Random;Yes;v
专业;2;Random;Random;Random;Yes;n
影评人;2;Random;Random;Random;Yes;n
适合;2;Random;Random;Random;Yes;v
pia;2;Random;Random;Random;Yes;eng
过去;2;Random;Random;Random;Yes;t
包袱;2;Random;Random;Random;Yes;n
形成;2;Random;Random;Random;Yes;v
幻想;2;Random;Random;Random;Yes;n
愿意;2;Random;Random;Random;Yes;v
现实;2;Random;Random;Random;Yes;n
科幻世界;2;Random;Random;Random;Yes;n
原作;2;Random;Random;Random;Yes;n
满心;2;Random;Random;Random;Yes;v
生硬;2;Random;Random;Random;Yes;a
过分;2;Random;Random;Random;Yes;n
泪流满面;2;Random;Random;Random;Yes;l
道具;2;Random;Random;Random;Yes;n
变得;2;Random;Random;Random;Yes;v
走向;2;Random;Random;Random;Yes;v
改动;2;Random;Random;Random;Yes;vn
氧气;2;Random;Random;Random;Yes;n
往往;2;Random;Random;Random;Yes;t
标签;2;Random;Random;Random;Yes;n
刻意;2;Random;Random;Random;Yes;v
家伙;2;Random;Random;Random;Yes;n
欧美;2;Random;Random;Random;Yes;ns
国家;2;Random;Random;Random;Yes;n
任重道远;2;Random;Random;Random;Yes;nr
指出;2;Random;Random;Random;Yes;v
帮助;2;Random;Random;Random;Yes;v
缺点;2;Random;Random;Random;Yes;n
反派;2;Random;Random;Random;Yes;v
稚嫩;2;Random;Random;Random;Yes;a
民族;2;Random;Random;Random;Yes;n
不到;2;Random;Random;Random;Yes;v
是不是;2;Random;Random;Random;Yes;l
好评;2;Random;Random;Random;Yes;v
剧作;2;Random;Random;Random;Yes;n
场景;2;Random;Random;Random;Yes;n
老泪纵横;2;Random;Random;Random;Yes;l
东方;2;Random;Random;Random;Yes;s
影评;2;Random;Random;Random;Yes;vn
合格;2;Random;Random;Random;Yes;n
而已;2;Random;Random;Random;Yes;y
效果;2;Random;Random;Random;Yes;n
太平洋;2;Random;Random;Random;Yes;ns
电影界;2;Random;Random;Random;Yes;n
冰封;2;Random;Random;Random;Yes;ns
特纳雄;2;Random;Random;Random;Yes;nr
干嘛;2;Random;Random;Random;Yes;n
三星;2;Random;Random;Random;Yes;nz
2012;2;Random;Random;Random;Yes;eng
呈现;2;Random;Random;Random;Yes;v
商业片;2;Random;Random;Random;Yes;n
加上;2;Random;Random;Random;Yes;v
实现;2;Random;Random;Random;Yes;v
想到;2;Random;Random;Random;Yes;v
都市;2;Random;Random;Random;Yes;ns
科幻小说;2;Random;Random;Random;Yes;l
主角;2;Random;Random;Random;Yes;n
辩护;2;Random;Random;Random;Yes;v
意志;2;Random;Random;Random;Yes;n
答案;2;Random;Random;Random;Yes;n
语言;2;Random;Random;Random;Yes;n
恶意;2;Random;Random;Random;Yes;v
存续;2;Random;Random;Random;Yes;v
营救;2;Random;Random;Random;Yes;v
只能;2;Random;Random;Random;Yes;v
日月;2;Random;Random;Random;Yes;t
无可厚非;2;Random;Random;Random;Yes;i
谢谢;2;Random;Random;Random;Yes;nr
感觉;2;Random;Random;Random;Yes;n
度过;2;Random;Random;Random;Yes;v
物理学家;2;Random;Random;Random;Yes;n
朦胧;2;Random;Random;Random;Yes;a
眼前;2;Random;Random;Random;Yes;t
队伍;2;Random;Random;Random;Yes;n
烟花;1;Random;Random;Random;Yes;n
呵呵;1;Random;Random;Random;Yes;v
水平线上;1;Random;Random;Random;Yes;l
武士;1;Random;Random;Random;Yes;n
顾及;1;Random;Random;Random;Yes;v
时代;1;Random;Random;Random;Yes;n
时间轴;1;Random;Random;Random;Yes;n
事情;1;Random;Random;Random;Yes;n
继续;1;Random;Random;Random;Yes;v
想法;1;Random;Random;Random;Yes;v
阻碍;1;Random;Random;Random;Yes;v
寸步难行;1;Random;Random;Random;Yes;i
明白;1;Random;Random;Random;Yes;nr
结合;1;Random;Random;Random;Yes;v
飞跃;1;Random;Random;Random;Yes;v
节点;1;Random;Random;Random;Yes;n
全球;1;Random;Random;Random;Yes;n
优秀学生;1;Random;Random;Random;Yes;n
可贵;1;Random;Random;Random;Yes;a
在于;1;Random;Random;Random;Yes;v
先行者;1;Random;Random;Random;Yes;n
新生代;1;Random;Random;Random;Yes;n
分辨;1;Random;Random;Random;Yes;v
应当;1;Random;Random;Random;Yes;v
学习;1;Random;Random;Random;Yes;v
并用;1;Random;Random;Random;Yes;v
力气;1;Random;Random;Random;Yes;n
执行;1;Random;Random;Random;Yes;v
比起;1;Random;Random;Random;Yes;v
看重;1;Random;Random;Random;Yes;v
执拗;1;Random;Random;Random;Yes;v
赤诚;1;Random;Random;Random;Yes;nr
称得上;1;Random;Random;Random;Yes;v
负载;1;Random;Random;Random;Yes;v
沉重;1;Random;Random;Random;Yes;a
烙印;1;Random;Random;Random;Yes;n
元气;1;Random;Random;Random;Yes;n
淋漓;1;Random;Random;Random;Yes;v
击节;1;Random;Random;Random;Yes;v
驱动;1;Random;Random;Random;Yes;vn
前行;1;Random;Random;Random;Yes;v
淡蓝色;1;Random;Random;Random;Yes;n
小球;1;Random;Random;Random;Yes;n
茫茫;1;Random;Random;Random;Yes;z
星辰;1;Random;Random;Random;Yes;n
大海;1;Random;Random;Random;Yes;ns
硬核;1;Random;Random;Random;Yes;n
小兵;1;Random;Random;Random;Yes;n
大旗;1;Random;Random;Random;Yes;n
理念;1;Random;Random;Random;Yes;n
铺排;1;Random;Random;Random;Yes;v
调度;1;Random;Random;Random;Yes;n
娴熟;1;Random;Random;Random;Yes;a
意料之外;1;Random;Random;Random;Yes;l
流畅;1;Random;Random;Random;Yes;a
着手;1;Random;Random;Random;Yes;v
BGM;1;Random;Random;Random;Yes;eng
燃爆;1;Random;Random;Random;Yes;v
老生常谈;1;Random;Random;Random;Yes;i
方向;1;Random;Random;Random;Yes;n
仰望;1;Random;Random;Random;Yes;v
星空;1;Random;Random;Random;Yes;n
启示录;1;Random;Random;Random;Yes;n
死亡;1;Random;Random;Random;Yes;v
废墟;1;Random;Random;Random;Yes;n
烟波浩渺;1;Random;Random;Random;Yes;i
末日;1;Random;Random;Random;Yes;t
缔造;1;Random;Random;Random;Yes;v
逃离;1;Random;Random;Random;Yes;v
惊艳;1;Random;Random;Random;Yes;a
便是;1;Random;Random;Random;Yes;v
投射;1;Random;Random;Random;Yes;v
荡涤;1;Random;Random;Random;Yes;v
悲壮;1;Random;Random;Random;Yes;a
气息;1;Random;Random;Random;Yes;n
质感;1;Random;Random;Random;Yes;n
精益求精;1;Random;Random;Random;Yes;n
造就;1;Random;Random;Random;Yes;v
惊喜;1;Random;Random;Random;Yes;a
演活;1;Random;Random;Random;Yes;vn
不失;1;Random;Random;Random;Yes;v
灵魂;1;Random;Random;Random;Yes;n
黑夜;1;Random;Random;Random;Yes;n
高潮迭起;1;Random;Random;Random;Yes;l
层层;1;Random;Random;Random;Yes;n
堆叠;1;Random;Random;Random;Yes;v
扎实;1;Random;Random;Random;Yes;a
红海;1;Random;Random;Random;Yes;ns
档期;1;Random;Random;Random;Yes;n
主题;1;Random;Random;Random;Yes;n
彻底;1;Random;Random;Random;Yes;ad
限制;1;Random;Random;Random;Yes;v
心脏;1;Random;Random;Random;Yes;n
一针;1;Random;Random;Random;Yes;n
强心剂;1;Random;Random;Random;Yes;n
走出;1;Random;Random;Random;Yes;v
恍若隔世;1;Random;Random;Random;Yes;i
做梦;1;Random;Random;Random;Yes;v
幻影;1;Random;Random;Random;Yes;n
电影史;1;Random;Random;Random;Yes;n
进程;1;Random;Random;Random;Yes;n
杰作;1;Random;Random;Random;Yes;n
庆幸;1;Random;Random;Random;Yes;v
见证者;1;Random;Random;Random;Yes;n
手中;1;Random;Random;Random;Yes;s
电影票;1;Random;Random;Random;Yes;n
入场券;1;Random;Random;Random;Yes;n
像是;1;Random;Random;Random;Yes;v
亲历;1;Random;Random;Random;Yes;n
奇迹;1;Random;Random;Random;Yes;n
勋章;1;Random;Random;Random;Yes;n
各个方面;1;Random;Random;Random;Yes;l
影迷;1;Random;Random;Random;Yes;vn
双重;1;Random;Random;Random;Yes;n
肯定;1;Random;Random;Random;Yes;v
肉眼;1;Random;Random;Random;Yes;n
可见;1;Random;Random;Random;Yes;v
剩下;1;Random;Random;Random;Yes;v
假以时日;1;Random;Random;Random;Yes;l
追求;1;Random;Random;Random;Yes;v
广泛;1;Random;Random;Random;Yes;a
共鸣;1;Random;Random;Random;Yes;v
努力做到;1;Random;Random;Random;Yes;v
看来;1;Random;Random;Random;Yes;v
战天斗地;1;Random;Random;Random;Yes;n
遗产;1;Random;Random;Random;Yes;vn
不过尔尔;1;Random;Random;Random;Yes;nz
尊敬;1;Random;Random;Random;Yes;v
眼睛;1;Random;Random;Random;Yes;n
关注;1;Random;Random;Random;Yes;v
眺望;1;Random;Random;Random;Yes;v
远方;1;Random;Random;Random;Yes;s
长路;1;Random;Random;Random;Yes;ns
总得;1;Random;Random;Random;Yes;v
看得远;1;Random;Random;Random;Yes;v
意味着;1;Random;Random;Random;Yes;v
荒芜;1;Random;Random;Random;Yes;a
百废待兴;1;Random;Random;Random;Yes;l
决心;1;Random;Random;Random;Yes;v
赢得;1;Random;Random;Random;Yes;v
尊重;1;Random;Random;Random;Yes;a
缺乏;1;Random;Random;Random;Yes;v
谈论;1;Random;Random;Random;Yes;vn
角度;1;Random;Random;Random;Yes;n
一大;1;Random;Random;Random;Yes;a
不足;1;Random;Random;Random;Yes;a
舍小家;1;Random;Random;Random;Yes;n
解释;1;Random;Random;Random;Yes;v
功能;1;Random;Random;Random;Yes;n
动机;1;Random;Random;Random;Yes;n
铺垫;1;Random;Random;Random;Yes;n
缺失;1;Random;Random;Random;Yes;v
程序员;1;Random;Random;Random;Yes;n
HAL9000;1;Random;Random;Random;Yes;eng
陀螺;1;Random;Random;Random;Yes;n
钥匙扣;1;Random;Random;Random;Yes;n
西安;1;Random;Random;Random;Yes;ns
零点;1;Random;Random;Random;Yes;n
惊人;1;Random;Random;Random;Yes;a
隔壁;1;Random;Random;Random;Yes;s
结束;1;Random;Random;Random;Yes;v
大叫;1;Random;Random;Random;Yes;v
延续;1;Random;Random;Random;Yes;v
经典;1;Random;Random;Random;Yes;n
系列;1;Random;Random;Random;Yes;q
抵达;1;Random;Random;Random;Yes;v
人马座;1;Random;Random;Random;Yes;n
阿尔法;1;Random;Random;Random;Yes;nr
融化;1;Random;Random;Random;Yes;vn
孩子;1;Random;Random;Random;Yes;n
贝加尔湖;1;Random;Random;Random;Yes;ns
钓鱼;1;Random;Random;Random;Yes;n
一代人;1;Random;Random;Random;Yes;n
垂垂老矣;1;Random;Random;Random;Yes;i
影院;1;Random;Random;Random;Yes;n
年轻人;1;Random;Random;Random;Yes;n
80;1;Random;Random;Random;Yes;eng
波士顿;1;Random;Random;Random;Yes;nr
坐满;1;Random;Random;Random;Yes;v
鼓掌;1;Random;Random;Random;Yes;v
接轨;1;Random;Random;Random;Yes;v
21;1;Random;Random;Random;Yes;eng
半程;1;Random;Random;Random;Yes;n
戏份;1;Random;Random;Random;Yes;n
关键点;1;Random;Random;Random;Yes;n
恰到好处;1;Random;Random;Random;Yes;i
忘掉;1;Random;Random;Random;Yes;v
人家;1;Random;Random;Random;Yes;n
催泪;1;Random;Random;Random;Yes;n
厅里;1;Random;Random;Random;Yes;n
听到;1;Random;Random;Random;Yes;v
啜泣声;1;Random;Random;Random;Yes;n
倾注;1;Random;Random;Random;Yes;v
心血;1;Random;Random;Random;Yes;n
认可度;1;Random;Random;Random;Yes;n
取之不尽;1;Random;Random;Random;Yes;i
用之不竭;1;Random;Random;Random;Yes;i
宝库;1;Random;Random;Random;Yes;nz
母亲;1;Random;Random;Random;Yes;n
体会;1;Random;Random;Random;Yes;n
银翼;1;Random;Random;Random;Yes;n
手里;1;Random;Random;Random;Yes;s
阴暗;1;Random;Random;Random;Yes;a
潮湿;1;Random;Random;Random;Yes;a
泡面;1;Random;Random;Random;Yes;n
伟大;1;Random;Random;Random;Yes;a
狮子;1;Random;Random;Random;Yes;n
长大;1;Random;Random;Random;Yes;ns
言喻;1;Random;Random;Random;Yes;nr
100;1;Random;Random;Random;Yes;eng
2500;1;Random;Random;Random;Yes;eng
响亮;1;Random;Random;Random;Yes;a
回荡;1;Random;Random;Random;Yes;v
肆无忌惮;1;Random;Random;Random;Yes;i
舒适感;1;Random;Random;Random;Yes;nr
别无分店;1;Random;Random;Random;Yes;n
地面;1;Random;Random;Random;Yes;n
火种;1;Random;Random;Random;Yes;n
失败;1;Random;Random;Random;Yes;v
监制;1;Random;Random;Random;Yes;vn
试图;1;Random;Random;Random;Yes;v
假设;1;Random;Random;Random;Yes;vn
极端;1;Random;Random;Random;Yes;n
做出;1;Random;Random;Random;Yes;v
取舍;1;Random;Random;Random;Yes;v
将来;1;Random;Random;Random;Yes;t
大人;1;Random;Random;Random;Yes;n
族群;1;Random;Random;Random;Yes;n
依赖;1;Random;Random;Random;Yes;v
奉献;1;Random;Random;Random;Yes;v
不惜一切;1;Random;Random;Random;Yes;i
代价;1;Random;Random;Random;Yes;n
神风;1;Random;Random;Random;Yes;n
舍弃;1;Random;Random;Random;Yes;v
妻子;1;Random;Random;Random;Yes;n
生存权;1;Random;Random;Random;Yes;n
遭遇;1;Random;Random;Random;Yes;n
不小;1;Random;Random;Random;Yes;a
伦理;1;Random;Random;Random;Yes;ns
父子;1;Random;Random;Random;Yes;n
代际;1;Random;Random;Random;Yes;n
冲突;1;Random;Random;Random;Yes;vn
有所;1;Random;Random;Random;Yes;n
涉及;1;Random;Random;Random;Yes;v
总体;1;Random;Random;Random;Yes;n
说来;1;Random;Random;Random;Yes;v
味儿;1;Random;Random;Random;Yes;n
味道;1;Random;Random;Random;Yes;n
费钱;1;Random;Random;Random;Yes;n
投资人;1;Random;Random;Random;Yes;n
老百姓;1;Random;Random;Random;Yes;n
饭钱;1;Random;Random;Random;Yes;n
神经;1;Random;Random;Random;Yes;n
切出来;1;Random;Random;Random;Yes;l
亚裔;1;Random;Random;Random;Yes;n
种族歧视;1;Random;Random;Random;Yes;l
天宫;1;Random;Random;Random;Yes;ns
发射;1;Random;Random;Random;Yes;v
宇航;1;Random;Random;Random;Yes;nr
自信;1;Random;Random;Random;Yes;v
打打气;1;Random;Random;Random;Yes;l
允许;1;Random;Random;Random;Yes;v
自恋;1;Random;Random;Random;Yes;v
祖国;1;Random;Random;Random;Yes;n
观感;1;Random;Random;Random;Yes;n
不可避免;1;Random;Random;Random;Yes;l
存在;1;Random;Random;Random;Yes;v
单薄;1;Random;Random;Random;Yes;a
导致;1;Random;Random;Random;Yes;v
燃点;1;Random;Random;Random;Yes;n
高潮;1;Random;Random;Random;Yes;nr
基调;1;Random;Random;Random;Yes;n
美工;1;Random;Random;Random;Yes;j
考究;1;Random;Random;Random;Yes;vn
门槛;1;Random;Random;Random;Yes;n
口碑;1;Random;Random;Random;Yes;n
票房;1;Random;Random;Random;Yes;n
双丰收;1;Random;Random;Random;Yes;nr
好头;1;Random;Random;Random;Yes;n
有感于;1;Random;Random;Random;Yes;l
予以;1;Random;Random;Random;Yes;v
支持;1;Random;Random;Random;Yes;v
中国男足;1;Random;Random;Random;Yes;nt
时间;1;Random;Random;Random;Yes;n
竞争;1;Random;Random;Random;Yes;vn
史前;1;Random;Random;Random;Yes;nr
原创;1;Random;Random;Random;Yes;n
级别;1;Random;Random;Random;Yes;n
充满;1;Random;Random;Random;Yes;a
连接;1;Random;Random;Random;Yes;v
总算;1;Random;Random;Random;Yes;n
出头;1;Random;Random;Random;Yes;v
基本;1;Random;Random;Random;Yes;n
降临;1;Random;Random;Random;Yes;v
湮灭;1;Random;Random;Random;Yes;v
有过之无不及;1;Random;Random;Random;Yes;i
京戏;1;Random;Random;Random;Yes;n
出钱;1;Random;Random;Random;Yes;v
出力;1;Random;Random;Random;Yes;n
大功;1;Random;Random;Random;Yes;n
父母;1;Random;Random;Random;Yes;n
嗷嗷;1;Random;Random;Random;Yes;o
受不了;1;Random;Random;Random;Yes;l
不韪;1;Random;Random;Random;Yes;i
服从;1;Random;Random;Random;Yes;v
观后感;1;Random;Random;Random;Yes;n
收钱;1;Random;Random;Random;Yes;v
见不得人;1;Random;Random;Random;Yes;l
低于;1;Random;Random;Random;Yes;v
很大;1;Random;Random;Random;Yes;a
AI;1;Random;Random;Random;Yes;eng
段落;1;Random;Random;Random;Yes;n
照搬;1;Random;Random;Random;Yes;v
商榷;1;Random;Random;Random;Yes;v
监狱;1;Random;Random;Random;Yes;n
23333;1;Random;Random;Random;Yes;eng
爆笑;1;Random;Random;Random;Yes;v
实属;1;Random;Random;Random;Yes;n
罕见;1;Random;Random;Random;Yes;a
辽阔;1;Random;Random;Random;Yes;a
感人;1;Random;Random;Random;Yes;n
大灾难;1;Random;Random;Random;Yes;l
信念;1;Random;Random;Random;Yes;n
精髓;1;Random;Random;Random;Yes;n
北京;1;Random;Random;Random;Yes;ns
天空;1;Random;Random;Random;Yes;n
星星;1;Random;Random;Random;Yes;nz
小女孩;1;Random;Random;Random;Yes;n
败笔;1;Random;Random;Random;Yes;n
功底;1;Random;Random;Random;Yes;n
成问题;1;Random;Random;Random;Yes;n
01;1;Random;Random;Random;Yes;eng
20;1;Random;Random;Random;Yes;eng
No;1;Random;Random;Random;Yes;eng
CBD;1;Random;Random;Random;Yes;eng
万达;1;Random;Random;Random;Yes;nz
超前;1;Random;Random;Random;Yes;v
整理;1;Random;Random;Random;Yes;n
简而言之;1;Random;Random;Random;Yes;l
胸脯;1;Random;Random;Random;Yes;n
良心;1;Random;Random;Random;Yes;a
亲朋好友;1;Random;Random;Random;Yes;l
第一炮;1;Random;Random;Random;Yes;l
打响;1;Random;Random;Random;Yes;vn
全体人员;1;Random;Random;Random;Yes;n
经历;1;Random;Random;Random;Yes;n
不逊;1;Random;Random;Random;Yes;a
原汁原味;1;Random;Random;Random;Yes;n
重工业;1;Random;Random;Random;Yes;n
不亚于;1;Random;Random;Random;Yes;v
放映厅;1;Random;Random;Random;Yes;n
60;1;Random;Random;Random;Yes;eng
单身;1;Random;Random;Random;Yes;n
整排;1;Random;Random;Random;Yes;v
限于;1;Random;Random;Random;Yes;v
逊色;1;Random;Random;Random;Yes;n
闪闪发光;1;Random;Random;Random;Yes;n
传扬;1;Random;Random;Random;Yes;v
铭记;1;Random;Random;Random;Yes;n
大笑;1;Random;Random;Random;Yes;v
忘却;1;Random;Random;Random;Yes;v
满脑子;1;Random;Random;Random;Yes;l
前进;1;Random;Random;Random;Yes;v
路数;1;Random;Random;Random;Yes;n
楼上;1;Random;Random;Random;Yes;s
煽动;1;Random;Random;Random;Yes;v
妄想;1;Random;Random;Random;Yes;v
神话;1;Random;Random;Random;Yes;n
大禹治水;1;Random;Random;Random;Yes;l
精卫填海;1;Random;Random;Random;Yes;n
后羿;1;Random;Random;Random;Yes;nrt
遵循;1;Random;Random;Random;Yes;v
传统;1;Random;Random;Random;Yes;n
留点;1;Random;Random;Random;Yes;n
踏踏实实;1;Random;Random;Random;Yes;z
收回;1;Random;Random;Random;Yes;v
星球;1;Random;Random;Random;Yes;n
话筒;1;Random;Random;Random;Yes;n
交给;1;Random;Random;Random;Yes;v
学家;1;Random;Random;Random;Yes;n
封神;1;Random;Random;Random;Yes;nr
情结;1;Random;Random;Random;Yes;n
见仁见智;1;Random;Random;Random;Yes;i
从技术上;1;Random;Random;Random;Yes;l
盈利;1;Random;Random;Random;Yes;n
孙子;1;Random;Random;Random;Yes;nr
孙女;1;Random;Random;Random;Yes;nr
新编;1;Random;Random;Random;Yes;n
突然;1;Random;Random;Random;Yes;ad
抬头;1;Random;Random;Random;Yes;v
爷爷;1;Random;Random;Random;Yes;n
当年;1;Random;Random;Random;Yes;t
笑眯眯;1;Random;Random;Random;Yes;z
TA;1;Random;Random;Random;Yes;eng
日后;1;Random;Random;Random;Yes;t
提及;1;Random;Random;Random;Yes;v
绕过;1;Random;Random;Random;Yes;v
巨大;1;Random;Random;Random;Yes;a
面对;1;Random;Random;Random;Yes;v
徒劳;1;Random;Random;Random;Yes;n
愚蠢;1;Random;Random;Random;Yes;a
熠熠;1;Random;Random;Random;Yes;z
生光;1;Random;Random;Random;Yes;n
保持;1;Random;Random;Random;Yes;v
太棒了;1;Random;Random;Random;Yes;nr
可能性;1;Random;Random;Random;Yes;n
打动;1;Random;Random;Random;Yes;v
父子关系;1;Random;Random;Random;Yes;n
天国;1;Random;Random;Random;Yes;ns
父亲;1;Random;Random;Random;Yes;n
遇到;1;Random;Random;Random;Yes;v
红色警戒;1;Random;Random;Random;Yes;n
式样;1;Random;Random;Random;Yes;n
暴力;1;Random;Random;Random;Yes;n
体现;1;Random;Random;Random;Yes;v
基建;1;Random;Random;Random;Yes;a
tg;1;Random;Random;Random;Yes;eng
数以万计;1;Random;Random;Random;Yes;l
工程师;1;Random;Random;Random;Yes;n
科学家;1;Random;Random;Random;Yes;n
项目;1;Random;Random;Random;Yes;n
前仆后继;1;Random;Random;Random;Yes;i
不计成本;1;Random;Random;Random;Yes;l
代入;1;Random;Random;Random;Yes;n
指望;1;Random;Random;Random;Yes;v
拍片;1;Random;Random;Random;Yes;n
厨子;1;Random;Random;Random;Yes;n
加成;1;Random;Random;Random;Yes;v
掩盖;1;Random;Random;Random;Yes;v
弥补;1;Random;Random;Random;Yes;v
超乎;1;Random;Random;Random;Yes;v
提交;1;Random;Random;Random;Yes;v
规模;1;Random;Random;Random;Yes;n
战栗;1;Random;Random;Random;Yes;n
持续;1;Random;Random;Random;Yes;vd
树起;1;Random;Random;Random;Yes;s
标杆;1;Random;Random;Random;Yes;n
国际化;1;Random;Random;Random;Yes;nt
程度;1;Random;Random;Random;Yes;n
融合度;1;Random;Random;Random;Yes;n
信任;1;Random;Random;Random;Yes;n
做好;1;Random;Random;Random;Yes;v
安排;1;Random;Random;Random;Yes;v
大年初一;1;Random;Random;Random;Yes;t
拖家带口;1;Random;Random;Random;Yes;n
坚决;1;Random;Random;Random;Yes;ad
心理学;1;Random;Random;Random;Yes;n
返家;1;Random;Random;Random;Yes;v
理论;1;Random;Random;Random;Yes;n
管家;1;Random;Random;Random;Yes;n
烂成;1;Random;Random;Random;Yes;v
成家;1;Random;Random;Random;Yes;n
临界点;1;Random;Random;Random;Yes;n
踏进;1;Random;Random;Random;Yes;v
全然;1;Random;Random;Random;Yes;ad
遗弃;1;Random;Random;Random;Yes;v
被动;1;Random;Random;Random;Yes;vn
记住;1;Random;Random;Random;Yes;v
千万别;1;Random;Random;Random;Yes;i
文艺;1;Random;Random;Random;Yes;n
清新;1;Random;Random;Random;Yes;a
邪教;1;Random;Random;Random;Yes;n
反射性;1;Random;Random;Random;Yes;n
厌恶;1;Random;Random;Random;Yes;v
自由主义;1;Random;Random;Random;Yes;n
冷酷;1;Random;Random;Random;Yes;a
现实主义;1;Random;Random;Random;Yes;n
感到恐惧;1;Random;Random;Random;Yes;i
乌托邦;1;Random;Random;Random;Yes;nr
认清;1;Random;Random;Random;Yes;v
影像;1;Random;Random;Random;Yes;vn
筹划;1;Random;Random;Random;Yes;n
阶段;1;Random;Random;Random;Yes;n
怀疑;1;Random;Random;Random;Yes;v
看笑话;1;Random;Random;Random;Yes;l
事实上;1;Random;Random;Random;Yes;l
旁白;1;Random;Random;Random;Yes;v
亲情;1;Random;Random;Random;Yes;n
强调;1;Random;Random;Random;Yes;v
辅助性;1;Random;Random;Random;Yes;n
女性;1;Random;Random;Random;Yes;n
爱国主义;1;Random;Random;Random;Yes;nz
惊讶;1;Random;Random;Random;Yes;a
质量;1;Random;Random;Random;Yes;n
开场;1;Random;Random;Random;Yes;n
止不住;1;Random;Random;Random;Yes;v
直到;1;Random;Random;Random;Yes;v
名单;1;Random;Random;Random;Yes;n
滚动;1;Random;Random;Random;Yes;v
完毕;1;Random;Random;Random;Yes;v
错过;1;Random;Random;Random;Yes;v
最佳;1;Random;Random;Random;Yes;z
有限;1;Random;Random;Random;Yes;a
条件;1;Random;Random;Random;Yes;n
做到;1;Random;Random;Random;Yes;v
素材;1;Random;Random;Random;Yes;n
搭配;1;Random;Random;Random;Yes;v
配乐;1;Random;Random;Random;Yes;vn
把握;1;Random;Random;Random;Yes;v
达到;1;Random;Random;Random;Yes;v
具有;1;Random;Random;Random;Yes;v
细碎;1;Random;Random;Random;Yes;a
欠缺;1;Random;Random;Random;Yes;v
火候;1;Random;Random;Random;Yes;n
削弱;1;Random;Random;Random;Yes;v
口味;1;Random;Random;Random;Yes;n
胜过;1;Random;Random;Random;Yes;v
建国以来;1;Random;Random;Random;Yes;l
架构;1;Random;Random;Random;Yes;n
启示;1;Random;Random;Random;Yes;v
远胜;1;Random;Random;Random;Yes;v
不断前进;1;Random;Random;Random;Yes;l
打出;1;Random;Random;Random;Yes;v
饱含;1;Random;Random;Random;Yes;v
敬意;1;Random;Random;Random;Yes;v
好运;1;Random;Random;Random;Yes;n
不敢相信;1;Random;Random;Random;Yes;i
前半段;1;Random;Random;Random;Yes;t
宴席;1;Random;Random;Random;Yes;n
好不好;1;Random;Random;Random;Yes;l
很惨;1;Random;Random;Random;Yes;a
主演;1;Random;Random;Random;Yes;n
小哥;1;Random;Random;Random;Yes;n
调头;1;Random;Random;Random;Yes;v
完成;1;Random;Random;Random;Yes;v
版本;1;Random;Random;Random;Yes;n
足够;1;Random;Random;Random;Yes;v
大神;1;Random;Random;Random;Yes;n
皮囊;1;Random;Random;Random;Yes;n
骨肉;1;Random;Random;Random;Yes;n
公式化;1;Random;Random;Random;Yes;n
模板;1;Random;Random;Random;Yes;n
起码;1;Random;Random;Random;Yes;n
潮流;1;Random;Random;Random;Yes;n
准备;1;Random;Random;Random;Yes;v
态度;1;Random;Random;Random;Yes;n
端正;1;Random;Random;Random;Yes;nz
看见;1;Random;Random;Random;Yes;v
坚持下去;1;Random;Random;Random;Yes;i
五颗星;1;Random;Random;Random;Yes;nr
狗血;1;Random;Random;Random;Yes;n
hold;1;Random;Random;Random;Yes;eng
不住;1;Random;Random;Random;Yes;v
摄像机;1;Random;Random;Random;Yes;n
小妖怪;1;Random;Random;Random;Yes;i
动画片;1;Random;Random;Random;Yes;n
三流;1;Random;Random;Random;Yes;n
小剧场;1;Random;Random;Random;Yes;n
样子;1;Random;Random;Random;Yes;n
物理;1;Random;Random;Random;Yes;n
不及格;1;Random;Random;Random;Yes;i
具象化;1;Random;Random;Random;Yes;v
表达方式;1;Random;Random;Random;Yes;l
填补;1;Random;Random;Random;Yes;v
空白;1;Random;Random;Random;Yes;n
耗尽;1;Random;Random;Random;Yes;v
回忆起;1;Random;Random;Random;Yes;i
过往;1;Random;Random;Random;Yes;t
金钱;1;Random;Random;Random;Yes;n
名誉;1;Random;Random;Random;Yes;n
权力;1;Random;Random;Random;Yes;n
停止;1;Random;Random;Random;Yes;v
自转;1;Random;Random;Random;Yes;v
海啸;1;Random;Random;Random;Yes;n
救起;1;Random;Random;Random;Yes;v
劫后余生;1;Random;Random;Random;Yes;l
女婴;1;Random;Random;Random;Yes;n
收养;1;Random;Random;Random;Yes;v
取名;1;Random;Random;Random;Yes;v
故去;1;Random;Random;Random;Yes;v
女儿;1;Random;Random;Random;Yes;n
生命;1;Random;Random;Random;Yes;vn
珍贵;1;Random;Random;Random;Yes;a
丰富;1;Random;Random;Random;Yes;a
不太想;1;Random;Random;Random;Yes;n
捆绑;1;Random;Random;Random;Yes;v
钢铁;1;Random;Random;Random;Yes;n
约等于;1;Random;Random;Random;Yes;v
基本上;1;Random;Random;Random;Yes;n
避免;1;Random;Random;Random;Yes;v
紧急;1;Random;Random;Random;Yes;a
废话;1;Random;Random;Random;Yes;n
一带;1;Random;Random;Random;Yes;n
低分;1;Random;Random;Random;Yes;n
预订;1;Random;Random;Random;Yes;v
世界级;1;Random;Random;Random;Yes;n
鉴赏;1;Random;Random;Random;Yes;v
吃里扒外;1;Random;Random;Random;Yes;i
偏向;1;Random;Random;Random;Yes;n
个人主义;1;Random;Random;Random;Yes;n
扮演;1;Random;Random;Random;Yes;v
弱化;1;Random;Random;Random;Yes;n
上升;1;Random;Random;Random;Yes;v
高度;1;Random;Random;Random;Yes;n
鸡飞狗跳;1;Random;Random;Random;Yes;i
证明;1;Random;Random;Random;Yes;n
大众;1;Random;Random;Random;Yes;n
科普;1;Random;Random;Random;Yes;nrt
子民;1;Random;Random;Random;Yes;n
带头人;1;Random;Random;Random;Yes;n
加油;1;Random;Random;Random;Yes;v
月球;1;Random;Random;Random;Yes;n
心理;1;Random;Random;Random;Yes;n
搞不懂;1;Random;Random;Random;Yes;l
平衡;1;Random;Random;Random;Yes;a
妹子;1;Random;Random;Random;Yes;n
请求;1;Random;Random;Random;Yes;v
救援车;1;Random;Random;Random;Yes;n
发表;1;Random;Random;Random;Yes;v
演讲;1;Random;Random;Random;Yes;v
很棒;1;Random;Random;Random;Yes;a
宣扬;1;Random;Random;Random;Yes;v
四平八稳;1;Random;Random;Random;Yes;i
虚构;1;Random;Random;Random;Yes;n
品质恶劣;1;Random;Random;Random;Yes;n
坏人;1;Random;Random;Random;Yes;n
求生欲;1;Random;Random;Random;Yes;i
年少;1;Random;Random;Random;Yes;v
轻狂;1;Random;Random;Random;Yes;a
前赴后继;1;Random;Random;Random;Yes;i
组团;1;Random;Random;Random;Yes;n
成年人;1;Random;Random;Random;Yes;n
干的事;1;Random;Random;Random;Yes;n
认同;1;Random;Random;Random;Yes;v
原因;1;Random;Random;Random;Yes;n
决定;1;Random;Random;Random;Yes;v
长城;1;Random;Random;Random;Yes;ns
开走;1;Random;Random;Random;Yes;v
操作;1;Random;Random;Random;Yes;v
吃螃蟹;1;Random;Random;Random;Yes;v
螃蟹;1;Random;Random;Random;Yes;n
好吃;1;Random;Random;Random;Yes;v
道路;1;Random;Random;Random;Yes;n
安全;1;Random;Random;Random;Yes;an
行车;1;Random;Random;Random;Yes;n
规范;1;Random;Random;Random;Yes;n
亲人;1;Random;Random;Random;Yes;n
两行;1;Random;Random;Random;Yes;j
在乎;1;Random;Random;Random;Yes;v
想要;1;Random;Random;Random;Yes;v
心态;1;Random;Random;Random;Yes;n
变化;1;Random;Random;Random;Yes;vn
草率;1;Random;Random;Random;Yes;n
铁粉;1;Random;Random;Random;Yes;n
搬上大;1;Random;Random;Random;Yes;v
银幕;1;Random;Random;Random;Yes;n
差点;1;Random;Random;Random;Yes;n
有意思;1;Random;Random;Random;Yes;l
逆向;1;Random;Random;Random;Yes;n
民族主义者;1;Random;Random;Random;Yes;n
勉强;1;Random;Random;Random;Yes;v
纠纷;1;Random;Random;Random;Yes;n
狭隘;1;Random;Random;Random;Yes;a
掉线;1;Random;Random;Random;Yes;v
玩意;1;Random;Random;Random;Yes;n
一共;1;Random;Random;Random;Yes;j
笑话;1;Random;Random;Random;Yes;n
面目全非;1;Random;Random;Random;Yes;i
好意思;1;Random;Random;Random;Yes;l
歧视;1;Random;Random;Random;Yes;v
嘴脸;1;Random;Random;Random;Yes;n
道貌岸然;1;Random;Random;Random;Yes;i
浑身;1;Random;Random;Random;Yes;n
舒服;1;Random;Random;Random;Yes;a
可有可无;1;Random;Random;Random;Yes;l
整场;1;Random;Random;Random;Yes;n
手机;1;Random;Random;Random;Yes;n
外放;1;Random;Random;Random;Yes;v
视频;1;Random;Random;Random;Yes;n
王者;1;Random;Random;Random;Yes;n
农药;1;Random;Random;Random;Yes;n
诡谲;1;Random;Random;Random;Yes;a
报刊亭;1;Random;Random;Random;Yes;n
非买不可;1;Random;Random;Random;Yes;i
如今;1;Random;Random;Random;Yes;t
质量上乘;1;Random;Random;Random;Yes;n
开启;1;Random;Random;Random;Yes;v
爸爸;1;Random;Random;Random;Yes;n
暴露;1;Random;Random;Random;Yes;v
印象;1;Random;Random;Random;Yes;n
超大;1;Random;Random;Random;Yes;v
直接;1;Random;Random;Random;Yes;ad
quote;1;Random;Random;Random;Yes;eng
假大空;1;Random;Random;Random;Yes;n
惊呆;1;Random;Random;Random;Yes;v
称为;1;Random;Random;Random;Yes;v
带走;1;Random;Random;Random;Yes;v
突破;1;Random;Random;Random;Yes;vn
高起点;1;Random;Random;Random;Yes;n
逻辑;1;Random;Random;Random;Yes;n
想像;1;Random;Random;Random;Yes;v
借助;1;Random;Random;Random;Yes;v
产业;1;Random;Random;Random;Yes;n
传播;1;Random;Random;Random;Yes;vn
工具;1;Random;Random;Random;Yes;n
古老;1;Random;Random;Random;Yes;nr
焕发;1;Random;Random;Random;Yes;v
出新;1;Random;Random;Random;Yes;v
想像力;1;Random;Random;Random;Yes;n
回首;1;Random;Random;Random;Yes;v
沉迷于;1;Random;Random;Random;Yes;l
西游记;1;Random;Random;Random;Yes;n
凭空想像;1;Random;Random;Random;Yes;n
构架;1;Random;Random;Random;Yes;n
纵横;1;Random;Random;Random;Yes;v
001;1;Random;Random;Random;Yes;eng
沙滩;1;Random;Random;Random;Yes;nr
夹克;1;Random;Random;Random;Yes;n
是从;1;Random;Random;Random;Yes;v
借来;1;Random;Random;Random;Yes;v
狂热;1;Random;Random;Random;Yes;a
能力;1;Random;Random;Random;Yes;n
分享;1;Random;Random;Random;Yes;v
前辈;1;Random;Random;Random;Yes;n
简单;1;Random;Random;Random;Yes;a
买票;1;Random;Random;Random;Yes;n
后悔;1;Random;Random;Random;Yes;v
产品;1;Random;Random;Random;Yes;n
排头兵;1;Random;Random;Random;Yes;n
超出;1;Random;Random;Random;Yes;v
现场;1;Random;Random;Random;Yes;n
预售;1;Random;Random;Random;Yes;vn
押宝;1;Random;Random;Random;Yes;n
外星人;1;Random;Random;Random;Yes;n
注定;1;Random;Random;Random;Yes;v
记录;1;Random;Random;Random;Yes;n
留下;1;Random;Random;Random;Yes;v
浓墨重彩;1;Random;Random;Random;Yes;l
4d;1;Random;Random;Random;Yes;eng
冲击波;1;Random;Random;Random;Yes;n
回来;1;Random;Random;Random;Yes;v
椅子;1;Random;Random;Random;Yes;n
乱动;1;Random;Random;Random;Yes;v
喷气;1;Random;Random;Random;Yes;n
撞击;1;Random;Random;Random;Yes;v
号称;1;Random;Random;Random;Yes;v
蒸发;1;Random;Random;Random;Yes;v
宣传;1;Random;Random;Random;Yes;vn
警惕;1;Random;Random;Random;Yes;v
全程;1;Random;Random;Random;Yes;n
注水;1;Random;Random;Random;Yes;v
爆棚;1;Random;Random;Random;Yes;n
执行力;1;Random;Random;Random;Yes;n
再现;1;Random;Random;Random;Yes;v
帝都;1;Random;Random;Random;Yes;n
引力;1;Random;Random;Random;Yes;n
地震;1;Random;Random;Random;Yes;n
推进器;1;Random;Random;Random;Yes;n
救世;1;Random;Random;Random;Yes;v
荡气回肠;1;Random;Random;Random;Yes;i
热血;1;Random;Random;Random;Yes;n
目不暇接;1;Random;Random;Random;Yes;i
推进;1;Random;Random;Random;Yes;v
紧凑;1;Random;Random;Random;Yes;a
主张;1;Random;Random;Random;Yes;n
开拓;1;Random;Random;Random;Yes;v
新世界;1;Random;Random;Random;Yes;nz
离不开;1;Random;Random;Random;Yes;v
乡愁;1;Random;Random;Random;Yes;n
属于;1;Random;Random;Random;Yes;v
上个世纪;1;Random;Random;Random;Yes;t
蠢笨;1;Random;Random;Random;Yes;a
依靠;1;Random;Random;Random;Yes;v
碰到;1;Random;Random;Random;Yes;v
值得注意;1;Random;Random;Random;Yes;l
探索;1;Random;Random;Random;Yes;v
国际主义;1;Random;Random;Random;Yes;n
重启;1;Random;Random;Random;Yes;v
黄金时代;1;Random;Random;Random;Yes;t
人文主义;1;Random;Random;Random;Yes;n
创造;1;Random;Random;Random;Yes;v
奈尔;1;Random;Random;Random;Yes;nrt
姥爷;1;Random;Random;Random;Yes;n
化成;1;Random;Random;Random;Yes;v
超越;1;Random;Random;Random;Yes;v
宇宙观;1;Random;Random;Random;Yes;l
日月星辰;1;Random;Random;Random;Yes;nz
描写;1;Random;Random;Random;Yes;v
气势恢宏;1;Random;Random;Random;Yes;l
文字;1;Random;Random;Random;Yes;n
并不知道;1;Random;Random;Random;Yes;l
emotionless;1;Random;Random;Random;Yes;eng
强行;1;Random;Random;Random;Yes;v
情愿;1;Random;Random;Random;Yes;n
冷淡;1;Random;Random;Random;Yes;a
促发展;1;Random;Random;Random;Yes;nz
配给;1;Random;Random;Random;Yes;v
期待值;1;Random;Random;Random;Yes;n
定位;1;Random;Random;Random;Yes;n
明日;1;Random;Random;Random;Yes;t
边缘;1;Random;Random;Random;Yes;n
胃口;1;Random;Random;Random;Yes;n
星际;1;Random;Random;Random;Yes;n
迷航;1;Random;Random;Random;Yes;v
冒险;1;Random;Random;Random;Yes;n
担心;1;Random;Random;Random;Yes;v
跟不上;1;Random;Random;Random;Yes;v
维持;1;Random;Random;Random;Yes;v
Hal;1;Random;Random;Random;Yes;eng
下坠;1;Random;Random;Random;Yes;v
全片;1;Random;Random;Random;Yes;n
重金属;1;Random;Random;Random;Yes;n
车间;1;Random;Random;Random;Yes;n
审美;1;Random;Random;Random;Yes;vn
无限;1;Random;Random;Random;Yes;v
接近;1;Random;Random;Random;Yes;v
隐含;1;Random;Random;Random;Yes;v
耐尔;1;Random;Random;Random;Yes;nz
明明;1;Random;Random;Random;Yes;t
弱项;1;Random;Random;Random;Yes;n
拖后腿;1;Random;Random;Random;Yes;n
失重;1;Random;Random;Random;Yes;v
眼泪;1;Random;Random;Random;Yes;n
这辈子;1;Random;Random;Random;Yes;l
对仗;1;Random;Random;Random;Yes;v
线头;1;Random;Random;Random;Yes;n
扔下;1;Random;Random;Random;Yes;v
宇航员;1;Random;Random;Random;Yes;n
祝福;1;Random;Random;Random;Yes;nr
同名;1;Random;Random;Random;Yes;n
末世;1;Random;Random;Random;Yes;n
绝妙;1;Random;Random;Random;Yes;a
地下;1;Random;Random;Random;Yes;s
有如;1;Random;Random;Random;Yes;v
阿西莫夫;1;Random;Random;Random;Yes;nrt
实体化;1;Random;Random;Random;Yes;vn
一板一眼;1;Random;Random;Random;Yes;i
包括;1;Random;Random;Random;Yes;v
显得;1;Random;Random;Random;Yes;v
稳重;1;Random;Random;Random;Yes;a
白壁;1;Random;Random;Random;Yes;nr
有模有样;1;Random;Random;Random;Yes;l
故障;1;Random;Random;Random;Yes;n
行军;1;Random;Random;Random;Yes;n
坎坷;1;Random;Random;Random;Yes;a
异动;1;Random;Random;Random;Yes;a
何去何从;1;Random;Random;Random;Yes;i
牵动人心;1;Random;Random;Random;Yes;i
拿出;1;Random;Random;Random;Yes;v
感怀;1;Random;Random;Random;Yes;v
充满希望;1;Random;Random;Random;Yes;nz
结局;1;Random;Random;Random;Yes;n
人类文明;1;Random;Random;Random;Yes;l
种子;1;Random;Random;Random;Yes;n
播撒;1;Random;Random;Random;Yes;ns
可喜可贺;1;Random;Random;Random;Yes;v
来龙去脉;1;Random;Random;Random;Yes;i
当成;1;Random;Random;Random;Yes;v
姐妹篇;1;Random;Random;Random;Yes;n
大不一样;1;Random;Random;Random;Yes;l
求求;1;Random;Random;Random;Yes;v
国外;1;Random;Random;Random;Yes;s
近代;1;Random;Random;Random;Yes;t
人文;1;Random;Random;Random;Yes;n
关怀;1;Random;Random;Random;Yes;nr
拍成电影;1;Random;Random;Random;Yes;n
emmm;1;Random;Random;Random;Yes;eng
共同体;1;Random;Random;Random;Yes;n
变形金刚;1;Random;Random;Random;Yes;n
根本;1;Random;Random;Random;Yes;a
美国政府;1;Random;Random;Random;Yes;nt
银河;1;Random;Random;Random;Yes;n
当日;1;Random;Random;Random;Yes;t
日剧;1;Random;Random;Random;Yes;n
符合;1;Random;Random;Random;Yes;v
OK;1;Random;Random;Random;Yes;eng
幸福;1;Random;Random;Random;Yes;a
蓝海;1;Random;Random;Random;Yes;ns
江都;1;Random;Random;Random;Yes;ns
40pm;1;Random;Random;Random;Yes;eng
事件;1;Random;Random;Random;Yes;n
正如;1;Random;Random;Random;Yes;v
片尾曲;1;Random;Random;Random;Yes;n
观沧海;1;Random;Random;Random;Yes;ns
浪淘沙;1;Random;Random;Random;Yes;nz
北戴河;1;Random;Random;Random;Yes;ns
人间;1;Random;Random;Random;Yes;n
豪情;1;Random;Random;Random;Yes;n
有着;1;Random;Random;Random;Yes;v
不可分割;1;Random;Random;Random;Yes;l
联系;1;Random;Random;Random;Yes;n
观看;1;Random;Random;Random;Yes;v
前提;1;Random;Random;Random;Yes;n
鲜血;1;Random;Random;Random;Yes;n
曲折;1;Random;Random;Random;Yes;a
重重的;1;Random;Random;Random;Yes;z
投注;1;Random;Random;Random;Yes;v
热情;1;Random;Random;Random;Yes;n
分割;1;Random;Random;Random;Yes;v
剥离;1;Random;Random;Random;Yes;v
无需;1;Random;Random;Random;Yes;v
导向;1;Random;Random;Random;Yes;n
威权;1;Random;Random;Random;Yes;n
独裁;1;Random;Random;Random;Yes;v
尊重人权;1;Random;Random;Random;Yes;n
容易;1;Random;Random;Random;Yes;a
陷入;1;Random;Random;Random;Yes;v
沉湎;1;Random;Random;Random;Yes;v
内耗;1;Random;Random;Random;Yes;n
不吃;1;Random;Random;Random;Yes;v
美女;1;Random;Random;Random;Yes;n
折射;1;Random;Random;Random;Yes;v
博弈;1;Random;Random;Random;Yes;v
澄清;1;Random;Random;Random;Yes;v
社交;1;Random;Random;Random;Yes;n
媒体;1;Random;Random;Random;Yes;n
污名;1;Random;Random;Random;Yes;n
果决;1;Random;Random;Random;Yes;ad
太空站;1;Random;Random;Random;Yes;n
逃逸;1;Random;Random;Random;Yes;v
风险;1;Random;Random;Random;Yes;n
感情用事;1;Random;Random;Random;Yes;n
贞洁;1;Random;Random;Random;Yes;nrfg
误解;1;Random;Random;Random;Yes;v
表达;1;Random;Random;Random;Yes;v
宿命;1;Random;Random;Random;Yes;n
回合;1;Random;Random;Random;Yes;v
自带;1;Random;Random;Random;Yes;n
呈现出;1;Random;Random;Random;Yes;v
语境;1;Random;Random;Random;Yes;n
要死;1;Random;Random;Random;Yes;v
轻描淡写;1;Random;Random;Random;Yes;i
口头禅;1;Random;Random;Random;Yes;n
切身;1;Random;Random;Random;Yes;v
背负;1;Random;Random;Random;Yes;v
使命;1;Random;Random;Random;Yes;v
planB;1;Random;Random;Random;Yes;eng
轻易;1;Random;Random;Random;Yes;a
化为;1;Random;Random;Random;Yes;v
稻草;1;Random;Random;Random;Yes;n
劈叉;1;Random;Random;Random;Yes;v
视觉;1;Random;Random;Random;Yes;n
说话;1;Random;Random;Random;Yes;v
及格;1;Random;Random;Random;Yes;ad
私信;1;Random;Random;Random;Yes;n
谩骂;1;Random;Random;Random;Yes;v
脑子;1;Random;Random;Random;Yes;n
黑子;1;Random;Random;Random;Yes;n
nmsl;1;Random;Random;Random;Yes;eng
后期;1;Random;Random;Random;Yes;t
断断续续;1;Random;Random;Random;Yes;i
目睹;1;Random;Random;Random;Yes;v
工作量;1;Random;Random;Random;Yes;n
恐怖;1;Random;Random;Random;Yes;a
形容;1;Random;Random;Random;Yes;n
吃过饭;1;Random;Random;Random;Yes;l
好像;1;Random;Random;Random;Yes;v
红牛;1;Random;Random;Random;Yes;nz
支撑;1;Random;Random;Random;Yes;v
首映;1;Random;Random;Random;Yes;v
壮志;1;Random;Random;Random;Yes;n
哲思;1;Random;Random;Random;Yes;n
娱乐性;1;Random;Random;Random;Yes;n
独立;1;Random;Random;Random;Yes;v
言论;1;Random;Random;Random;Yes;n
代表;1;Random;Random;Random;Yes;n
拍电影;1;Random;Random;Random;Yes;n
片中;1;Random;Random;Random;Yes;s
高喊;1;Random;Random;Random;Yes;nr
口号;1;Random;Random;Random;Yes;n
歌功颂德;1;Random;Random;Random;Yes;i
音乐;1;Random;Random;Random;Yes;n
btw;1;Random;Random;Random;Yes;eng
寸头;1;Random;Random;Random;Yes;n
检验;1;Random;Random;Random;Yes;vn
帅哥;1;Random;Random;Random;Yes;nr
唯一标准;1;Random;Random;Random;Yes;n
提前;1;Random;Random;Random;Yes;v
来回;1;Random;Random;Random;Yes;v
切换;1;Random;Random;Random;Yes;v
状态;1;Random;Random;Random;Yes;n
主创;1;Random;Random;Random;Yes;n
载入;1;Random;Random;Random;Yes;v
史册;1;Random;Random;Random;Yes;n
衷心希望;1;Random;Random;Random;Yes;vn
闭嘴;1;Random;Random;Random;Yes;v
投资;1;Random;Random;Random;Yes;vn
见到;1;Random;Random;Random;Yes;v
鄙视;1;Random;Random;Random;Yes;v
瞧不起;1;Random;Random;Random;Yes;v
优秀;1;Random;Random;Random;Yes;a
键盘;1;Random;Random;Random;Yes;n
呼救;1;Random;Random;Random;Yes;v
理解;1;Random;Random;Random;Yes;v
赞美;1;Random;Random;Random;Yes;ns
欢呼;1;Random;Random;Random;Yes;v
过于;1;Random;Random;Random;Yes;v
贫困;1;Random;Random;Random;Yes;a
族裔;1;Random;Random;Random;Yes;n
拥有;1;Random;Random;Random;Yes;v
表征;1;Random;Random;Random;Yes;v
克制;1;Random;Random;Random;Yes;v
隐蔽;1;Random;Random;Random;Yes;a
无聊;1;Random;Random;Random;Yes;a
触及;1;Random;Random;Random;Yes;v
主权者;1;Random;Random;Random;Yes;n
道德;1;Random;Random;Random;Yes;nr
目标;1;Random;Random;Random;Yes;n
权利;1;Random;Random;Random;Yes;n
尊严;1;Random;Random;Random;Yes;a
回避;1;Random;Random;Random;Yes;v
坚持;1;Random;Random;Random;Yes;v
困境;1;Random;Random;Random;Yes;n
改写;1;Random;Random;Random;Yes;v
熟悉;1;Random;Random;Random;Yes;v
无比;1;Random;Random;Random;Yes;v
革命;1;Random;Random;Random;Yes;vn
戏码;1;Random;Random;Random;Yes;n
谈不上;1;Random;Random;Random;Yes;l
高明;1;Random;Random;Random;Yes;nr
隐喻;1;Random;Random;Random;Yes;n
围绕;1;Random;Random;Random;Yes;v
熄灭;1;Random;Random;Random;Yes;v
找到;1;Random;Random;Random;Yes;v
达到目标;1;Random;Random;Random;Yes;l
世代;1;Random;Random;Random;Yes;t
冷战;1;Random;Random;Random;Yes;v
思维;1;Random;Random;Random;Yes;n
铁人;1;Random;Random;Random;Yes;n
太久;1;Random;Random;Random;Yes;nr
只争朝夕;1;Random;Random;Random;Yes;i
适度;1;Random;Random;Random;Yes;a
热度;1;Random;Random;Random;Yes;n
目光;1;Random;Random;Random;Yes;n
聚焦;1;Random;Random;Random;Yes;v
进入;1;Random;Random;Random;Yes;v
避难;1;Random;Random;Random;Yes;v
关键;1;Random;Random;Random;Yes;n
看不清;1;Random;Random;Random;Yes;v
朗读课文;1;Random;Random;Random;Yes;n
完蛋;1;Random;Random;Random;Yes;v
毁灭;1;Random;Random;Random;Yes;v
谱系;1;Random;Random;Random;Yes;n
后天;1;Random;Random;Random;Yes;t
动人;1;Random;Random;Random;Yes;n
回归;1;Random;Random;Random;Yes;v
真善美;1;Random;Random;Random;Yes;nr
同类;1;Random;Random;Random;Yes;n
心意;1;Random;Random;Random;Yes;n
一脉相承;1;Random;Random;Random;Yes;l
真诚;1;Random;Random;Random;Yes;a
设计;1;Random;Random;Random;Yes;vn
注入;1;Random;Random;Random;Yes;v
黑暗;1;Random;Random;Random;Yes;z
折磨;1;Random;Random;Random;Yes;v
平时;1;Random;Random;Random;Yes;t
当作;1;Random;Random;Random;Yes;v
玩笑;1;Random;Random;Random;Yes;v
提问;1;Random;Random;Random;Yes;v
世界末日;1;Random;Random;Random;Yes;l
回答;1;Random;Random;Random;Yes;v
家人;1;Random;Random;Random;Yes;n
孤注一掷;1;Random;Random;Random;Yes;i
放弃;1;Random;Random;Random;Yes;v
宏观;1;Random;Random;Random;Yes;n
看待;1;Random;Random;Random;Yes;v
兴衰;1;Random;Random;Random;Yes;v
微观;1;Random;Random;Random;Yes;n
洞察;1;Random;Random;Random;Yes;n
眷恋;1;Random;Random;Random;Yes;v
给出;1;Random;Random;Random;Yes;v
年前;1;Random;Random;Random;Yes;t
重点;1;Random;Random;Random;Yes;n
复杂;1;Random;Random;Random;Yes;a
兜住;1;Random;Random;Random;Yes;v
不减;1;Random;Random;Random;Yes;v
僵硬;1;Random;Random;Random;Yes;a
壮阔;1;Random;Random;Random;Yes;a
秒杀;1;Random;Random;Random;Yes;n
矮化;1;Random;Random;Random;Yes;n
解读;1;Random;Random;Random;Yes;v
主旋律;1;Random;Random;Random;Yes;n
热泪盈眶;1;Random;Random;Random;Yes;l
信心;1;Random;Random;Random;Yes;n
诚意;1;Random;Random;Random;Yes;a
建议;1;Random;Random;Random;Yes;n
光洁;1;Random;Random;Random;Yes;a
大头;1;Random;Random;Random;Yes;n
cp;1;Random;Random;Random;Yes;eng
吴孟达;1;Random;Random;Random;Yes;nr
自不必说;1;Random;Random;Random;Yes;l
天体;1;Random;Random;Random;Yes;n
壳子;1;Random;Random;Random;Yes;n
慕洋;1;Random;Random;Random;Yes;ns
气死;1;Random;Random;Random;Yes;n
宝贵;1;Random;Random;Random;Yes;nr
自由;1;Random;Random;Random;Yes;a
190211;1;Random;Random;Random;Yes;eng
太阳宫;1;Random;Random;Random;Yes;ns
泪眼;1;Random;Random;Random;Yes;n
TM;1;Random;Random;Random;Yes;eng
散逸;1;Random;Random;Random;Yes;v
俘获;1;Random;Random;Random;Yes;v
距离;1;Random;Random;Random;Yes;n
喷射;1;Random;Random;Random;Yes;v
推力;1;Random;Random;Random;Yes;v
大学物理;1;Random;Random;Random;Yes;n
挑刺;1;Random;Random;Random;Yes;vn
不值;1;Random;Random;Random;Yes;n
说服;1;Random;Random;Random;Yes;v
说出;1;Random;Random;Random;Yes;v
热门;1;Random;Random;Random;Yes;n
细致;1;Random;Random;Random;Yes;a
奋斗;1;Random;Random;Random;Yes;v
运气;1;Random;Random;Random;Yes;n
直观;1;Random;Random;Random;Yes;n
展现出;1;Random;Random;Random;Yes;v
宏达;1;Random;Random;Random;Yes;nz
广阔;1;Random;Random;Random;Yes;a
坐等;1;Random;Random;Random;Yes;v
doctor;1;Random;Random;Random;Yes;eng
神秘;1;Random;Random;Random;Yes;a
博士;1;Random;Random;Random;Yes;n
跳脱;1;Random;Random;Random;Yes;v
忐忑;1;Random;Random;Random;Yes;a
生怕;1;Random;Random;Random;Yes;v
一口气;1;Random;Random;Random;Yes;i
理直气壮;1;Random;Random;Random;Yes;i
上映;1;Random;Random;Random;Yes;v
国产片;1;Random;Random;Random;Yes;n
老毛病;1;Random;Random;Random;Yes;n
讲话;1;Random;Random;Random;Yes;n
鲜肉;1;Random;Random;Random;Yes;n
修改;1;Random;Random;Random;Yes;v
演员表;1;Random;Random;Random;Yes;n
迷惑;1;Random;Random;Random;Yes;v
魔仙;1;Random;Random;Random;Yes;n
漂亮;1;Random;Random;Random;Yes;a
